"code","name_it","name_en","parent_code","level","classification_system"
"A","AGRICOLTURA, SILVICOLTURA E PESCA","AGRICULTURE, FORESTRY AND FISHING","","1","NACE"
"B","ATTIVITÀ ESTRATTIVE","MINING AND QUARRYING","","1","NACE"
"C","ATTIVITÀ MANIFATTURIERE","MANUFACTURING","","1","NACE"
"D","FORNITURA DI ENERGIA ELETTRICA, GAS, VAPORE E ARIA CONDIZIONATA","ELECTRICITY, GAS, STEAM AND AIR CONDITIONING SUPPLY","","1","NACE"
"E","FORNITURA DI ACQUA; GESTIONE DI RETI FOGNARIE, ATTIVITÀ DI TRATTAMENTO DEI RIFIUTI E RISANAMENTO","WATER SUPPLY; SEWERAGE, WASTE MANAGEMENT AND REMEDIATION ACTIVITIES","","1","NACE"
"F","COSTRUZIONI","CONSTRUCTION","","1","NACE"
"G","COMMERCIO ALL'INGROSSO E AL DETTAGLIO","WHOLESALE AND RETAIL TRADE","","1","NACE"
"H","TRASPORTO E MAGAZZINAGGIO","TRANSPORTATION AND STORAGE","","1","NACE"
"I","ATTIVITÀ DEI SERVIZI DI ALLOGGIO E DI RISTORAZIONE","ACCOMMODATION AND FOOD SERVICE ACTIVITIES","","1","NACE"
"J","ATTIVITÀ EDITORIALI, TRASMISSIONI RADIOFONICHE E PRODUZIONE E DISTRIBUZIONE DI CONTENUTI","PUBLISHING, BROADCASTING, AND CONTENT PRODUCTION AND DISTRIBUTION ACTIVITIES","","1","NACE"
"K","TELECOMUNICAZIONI, PROGRAMMAZIONE E CONSULENZA INFORMATICA, INFRASTRUTTURE INFORMATICHE E ALTRE ATTIVITÀ DEI SERVIZI D'INFORMAZIONE","TELECOMMUNICATION, COMPUTER PROGRAMMING, CONSULTING, COMPUTING INFRASTRUCTURE AND OTHER INFORMATION SERVICE ACTIVITIES","","1","NACE"
"L","ATTIVITÀ FINANZIARIE E ASSICURATIVE","FINANCIAL AND INSURANCE ACTIVITIES","","1","NACE"
"M","ATTIVITÀ IMMOBILIARI","REAL ESTATE ACTIVITIES","","1","NACE"
"N","ATTIVITÀ PROFESSIONALI, SCIENTIFICHE E TECNICHE","PROFESSIONAL, SCIENTIFIC AND TECHNICAL ACTIVITIES","","1","NACE"
"O","ATTIVITÀ AMMINISTRATIVE E DI SERVIZI DI SUPPORTO","ADMINISTRATIVE AND SUPPORT SERVICE ACTIVITIES","","1","NACE"
"P","AMMINISTRAZIONE PUBBLICA E DIFESA; ASSICURAZIONE SOCIALE OBBLIGATORIA","PUBLIC ADMINISTRATION AND DEFENCE; COMPULSORY SOCIAL SECURITY","","1","NACE"
"Q","ISTRUZIONE E FORMAZIONE","EDUCATION","","1","NACE"
"R","ATTIVITÀ PER LA SALUTE UMANA E DI ASSISTENZA SOCIALE","HUMAN HEALTH AND SOCIAL WORK ACTIVITIES","","1","NACE"
"S","ATTIVITÀ ARTISTICHE, SPORTIVE E DI DIVERTIMENTO","ARTS, SPORTS AND RECREATION","","1","NACE"
"T","ALTRE ATTIVITÀ DI SERVIZI","OTHER SERVICE ACTIVITIES","","1","NACE"
"U","ATTIVITÀ DI FAMIGLIE E CONVIVENZE COME DATORI DI LAVORO PER PERSONALE DOMESTICO E PRODUZIONE DI BENI E SERVIZI INDIFFERENZIATI PER USO PROPRIO DA PARTE DI FAMIGLIE E CONVIVENZE","ACTIVITIES OF HOUSEHOLDS AS EMPLOYERS AND UNDIFFERENTIATED GOODS - AND SERVICE-PRODUCING ACTIVITIES OF HOUSEHOLDS FOR OWN USE","","1","NACE"
"V","ATTIVITÀ DI ORGANIZZAZIONI E ORGANISMI EXTRATERRITORIALI","ACTIVITIES OF EXTRATERRITORIAL ORGANISATIONS AND BODIES","","1","NACE"
"01","Produzioni vegetali e animali, caccia e servizi connessi","Crop and animal production, hunting and related service activities","A","2","NACE"
"02","Silvicoltura e utilizzo di aree forestali","Forestry and logging","A","2","NACE"
"03","Pesca e acquacoltura","Fishing and aquaculture","A","2","NACE"
"05","Estrazione di carbone e lignite","Mining of coal and lignite","B","2","NACE"
"06","Estrazione di petrolio greggio e gas naturale","Extraction of crude petroleum and natural gas","B","2","NACE"
"07","Estrazione di minerali metalliferi","Mining of metal ores","B","2","NACE"
"08","Altre attività estrattive","Other mining and quarrying","B","2","NACE"
"09","Attività dei servizi di supporto all'estrazione","Mining support service activities","B","2","NACE"
"10","Produzione di prodotti alimentari","Manufacture of food products","C","2","NACE"
"11","Produzione di bevande","Manufacture of beverages","C","2","NACE"
"12","Produzione di prodotti del tabacco","Manufacture of tobacco products","C","2","NACE"
"13","Fabbricazione di tessili","Manufacture of textiles","C","2","NACE"
"14","Fabbricazione di articoli di abbigliamento","Manufacture of wearing apparel","C","2","NACE"
"15","Fabbricazione di pelli e cuoi e articoli in pelle e simili di altri materiali","Manufacture of leather and related products of other materials","C","2","NACE"
"16","Produzione e lavorazione del legno e dei prodotti a base di legno e sughero, esclusi i mobili; fabbricazione di articoli in paglia e materiale da intreccio","Manufacture of wood and of products of wood and cork, except furniture; manufacture of articles of straw and plaiting materials","C","2","NACE"
"17","Fabbricazione di carta e di prodotti di carta","Manufacture of paper and paper products","C","2","NACE"
"18","Stampa e riproduzione di supporti registrati","Printing and reproduction of recorded media","C","2","NACE"
"19","Fabbricazione di coke e prodotti derivanti dalla raffinazione del petrolio","Manufacture of coke and refined petroleum products","C","2","NACE"
"20","Fabbricazione di prodotti chimici","Manufacture of chemicals and chemical products","C","2","NACE"
"21","Fabbricazione di prodotti farmaceutici di base e di preparati farmaceutici","Manufacture of basic pharmaceutical products and pharmaceutical preparations","C","2","NACE"
"22","Fabbricazione di prodotti in gomma e in materie plastiche","Manufacture of rubber and plastic products","C","2","NACE"
"23","Fabbricazione di altri prodotti della lavorazione di minerali non metalliferi","Manufacture of other non-metallic mineral products","C","2","NACE"
"24","Fabbricazione di metalli di base","Manufacture of basic metals","C","2","NACE"
"25","Fabbricazione di prodotti in metallo, esclusi macchinari e attrezzature","Manufacture of fabricated metal products, except machinery and equipment","C","2","NACE"
"26","Fabbricazione di computer e prodotti di elettronica e ottica","Manufacture of computer, electronic and optical products","C","2","NACE"
"27","Fabbricazione di apparecchiature elettriche","Manufacture of electrical equipment","C","2","NACE"
"28","Fabbricazione di macchinari e apparecchiature n.c.a.","Manufacture of machinery and equipment n.e.c.","C","2","NACE"
"29","Fabbricazione di autoveicoli, rimorchi e semirimorchi","Manufacture of motor vehicles, trailers and semi-trailers","C","2","NACE"
"30","Fabbricazione di altri mezzi di trasporto","Manufacture of other transport equipment","C","2","NACE"
"31","Fabbricazione di mobili","Manufacture of furniture","C","2","NACE"
"32","Altre attività manifatturiere","Other manufacturing","C","2","NACE"
"33","Riparazione, manutenzione e installazione di macchine e apparecchiature","Repair, maintenance and installation of machinery and equipment","C","2","NACE"
"35","Fornitura di energia elettrica, gas, vapore e aria condizionata","Electricity, gas, steam and air conditioning supply","D","2","NACE"
"36","Raccolta, trattamento e fornitura di acqua","Water collection, treatment and supply","E","2","NACE"
"37","Gestione delle reti fognarie","Sewerage","E","2","NACE"
"38","Attività di raccolta, recupero e smaltimento dei rifiuti","Waste collection, recovery and disposal activities","E","2","NACE"
"39","Attività di risanamento e altri servizi di gestione dei rifiuti","Remediation activities and other waste management service activities","E","2","NACE"
"41","Costruzione di edifici residenziali e non residenziali","Construction of residential and non-residential buildings","F","2","NACE"
"42","Ingegneria civile","Civil engineering","F","2","NACE"
"43","Lavori di costruzione specializzati","Specialised construction activities","F","2","NACE"
"46","Commercio all'ingrosso","Wholesale trade","G","2","NACE"
"47","Commercio al dettaglio","Retail trade","G","2","NACE"
"49","Trasporto terrestre e trasporto mediante condotte","Land transport and transport via pipelines","H","2","NACE"
"50","Trasporto marittimo e per vie d'acqua interne","Water transport","H","2","NACE"
"51","Trasporto aereo","Air transport","H","2","NACE"
"52","Magazzinaggio, deposito e attività di supporto ai trasporti","Warehousing, storage and support activities for transportation","H","2","NACE"
"53","Attività postali e di corriere","Postal and courier activities","H","2","NACE"
"55","Servizi di alloggio","Accommodation","I","2","NACE"
"56","Attività di servizi di ristorazione","Food and beverage service activities","I","2","NACE"
"58","Attività editoriali","Publishing activities","J","2","NACE"
"59","Attività di produzione, post-produzione e distribuzione cinematografica, di video e programmi televisivi, di registrazioni musicali e sonore","Motion picture, video and television programme production, sound recording and music publishing activities","J","2","NACE"
"60","Attività di programmazione, trasmissione, agenzie di stampa e altre attività di distribuzione di contenuti","Programming, broadcasting, news agency and other content distribution activities","J","2","NACE"
"61","Telecomunicazioni","Telecommunication","K","2","NACE"
"62","Attività di programmazione, consulenza informatica e attività connesse","Computer programming, consultancy and related activities","K","2","NACE"
"63","Infrastrutture informatiche, elaborazione dati, hosting e altri servizi di informazione","Computing infrastructure, data processing, hosting and other information service activities","K","2","NACE"
"64","Attività dei servizi finanziari, escluse le assicurazioni e i fondi pensione","Financial service activities, except insurance and pension funding","L","2","NACE"
"65","Assicurazioni, riassicurazioni e fondi pensione, escluse le assicurazioni sociali obbligatorie","Insurance, reinsurance and pension funding, except compulsory social security","L","2","NACE"
"66","Attività ausiliarie dei servizi finanziari e delle attività assicurative","Activities auxiliary to financial services and insurance activities","L","2","NACE"
"68","Attività immobiliari","Real estate activities","M","2","NACE"
"69","Attività legali e di contabilità","Legal and accounting activities","N","2","NACE"
"70","Attività di sedi centrali e consulenza gestionale","Activities of head offices and management consultancy","N","2","NACE"
"71","Attività di architettura e ingegneria; collaudi e analisi tecniche","Architectural and engineering activities; technical testing and analysis","N","2","NACE"
"72","Ricerca scientifica e sviluppo","Scientific research and development","N","2","NACE"
"73","Attività di pubblicità, ricerche di mercato e pubbliche relazioni","Activities of advertising, market research and public relations","N","2","NACE"
"74","Altre attività professionali, scientifiche e tecniche","Other professional, scientific and technical activities","N","2","NACE"
"75","Servizi veterinari","Veterinary activities","N","2","NACE"
"77","Attività di noleggio e leasing operativo","Rental and leasing activities","O","2","NACE"
"78","Attività di ricerca, selezione, fornitura di risorse umane","Employment activities","O","2","NACE"
"79","Attività di agenzie di viaggio, tour operator e altri servizi di prenotazione e attività connesse","Travel agency, tour operator and other reservation service and related activities","O","2","NACE"
"80","Attività di investigazione e vigilanza","Investigation and security activities","O","2","NACE"
"81","Attività di servizi per edifici e per la cura del paesaggio","Services to buildings and landscape activities","O","2","NACE"
"82","Attività amministrative, di supporto per le funzioni di ufficio e altri servizi di supporto alle imprese","Office administrative, office support and other business support activities","O","2","NACE"
"84","Amministrazione pubblica e difesa; assicurazione sociale obbligatoria","Public administration and defence; compulsory social security","P","2","NACE"
"85","Istruzione e formazione","Education","Q","2","NACE"
"86","Attività per la salute umana","Human health activities","R","2","NACE"
"87","Attività di assistenza residenziale","Residential care activities","R","2","NACE"
"88","Attività di assistenza sociale non residenziale","Social work activities without accommodation","R","2","NACE"
"90","Attività di creazione artistica e rappresentazioni artistiche","Arts creation and performing arts activities","S","2","NACE"
"91","Attività di biblioteche, archivi, musei e altre attività culturali","Libraries, archives, museums and other cultural activities","S","2","NACE"
"92","Attività di scommesse, lotterie e altri giochi d'azzardo","Gambling and betting activities","S","2","NACE"
"93","Attività sportive, di intrattenimento e divertimento","Sports activities and amusement and recreation activities","S","2","NACE"
"94","Attività delle organizzazioni associative","Activities of membership organisations","T","2","NACE"
"95","Riparazione e manutenzione di computer, beni per uso personale e per la casa, autoveicoli e motocicli","Repair and maintenance of computers, personal and household goods, and motor vehicles and motorcycles","T","2","NACE"
"96","Attività di servizi alla persona","Personal service activities","T","2","NACE"
"97","Attività di famiglie e convivenze come datori di lavoro per personale domestico","Activities of households as employers of domestic personnel","U","2","NACE"
"98","Produzione di beni e di servizi indifferenziati per uso proprio da parte di famiglie e convivenze","Undifferentiated goods- and service-producing activities of private households for own use","U","2","NACE"
"99","Attività di organizzazioni e organismi extraterritoriali","Activities of extraterritorial organisations and bodies","V","2","NACE"
"01.1","Coltivazione di colture agricole non permanenti","Growing of non-perennial crops","01","3","NACE"
"01.2","Coltivazione di colture agricole permanenti","Growing of perennial crops","01","3","NACE"
"01.3","Riproduzione delle piante","Plant propagation","01","3","NACE"
"01.4","Allevamento di animali","Animal production","01","3","NACE"
"01.5","Coltivazioni agricole associate all'allevamento di animali: attività mista","Mixed farming","01","3","NACE"
"01.6","Attività di supporto all'agricoltura e attività successive alla raccolta","Support activities to agriculture and post-harvest crop activities","01","3","NACE"
"01.7","Caccia, cattura di animali e servizi connessi","Hunting, trapping and related service activities","01","3","NACE"
"02.1","Silvicoltura e altre attività forestali","Silviculture and other forestry activities","02","3","NACE"
"02.2","Utilizzo di aree forestali","Logging","02","3","NACE"
"02.3","Raccolta di prodotti selvatici non legnosi","Gathering of wild growing non-wood products","02","3","NACE"
"02.4","Servizi di supporto per la silvicoltura","Support services to forestry","02","3","NACE"
"03.1","Pesca","Fishing","03","3","NACE"
"03.2","Acquacoltura","Aquaculture","03","3","NACE"
"03.3","Attività di supporto alla pesca e all'acquacoltura","Support activities for fishing and aquaculture","03","3","NACE"
"05.1","Estrazione di antracite","Mining of hard coal","05","3","NACE"
"05.2","Estrazione di lignite","Mining of lignite","05","3","NACE"
"06.1","Estrazione di petrolio greggio","Extraction of crude petroleum","06","3","NACE"
"06.2","Estrazione di gas naturale","Extraction of natural gas","06","3","NACE"
"07.1","Estrazione di minerali metalliferi ferrosi","Mining of iron ores","07","3","NACE"
"07.2","Estrazione di minerali metalliferi non ferrosi","Mining of non-ferrous metal ores","07","3","NACE"
"08.1","Estrazione di pietra, sabbia e argilla","Quarrying of stone, sand and clay","08","3","NACE"
"08.9","Attività estrattive n.c.a.","Mining and quarrying n.e.c.","08","3","NACE"
"09.1","Attività di supporto all'estrazione di petrolio e gas naturale","Support activities for petroleum and natural gas extraction","09","3","NACE"
"09.9","Attività di supporto ad altre attività estrattive","Support activities for other mining and quarrying","09","3","NACE"
"10.1","Lavorazione e conservazione di carne e produzione di prodotti a base di carne","Processing and preserving of meat and production of meat products","10","3","NACE"
"10.2","Lavorazione e conservazione di pesce, crostacei e molluschi","Processing and preserving of fish, crustaceans and molluscs","10","3","NACE"
"10.3","Lavorazione e conservazione di frutta e ortaggi","Processing and preserving of fruit and vegetables","10","3","NACE"
"10.4","Produzione di oli e grassi vegetali e animali","Manufacture of vegetable and animal oils and fats","10","3","NACE"
"10.5","Produzione di prodotti lattiero-caseari e gelati","Manufacture of dairy products and edible ice","10","3","NACE"
"10.6","Lavorazione di granaglie, produzione di amidi e di prodotti amidacei","Manufacture of grain mill products, starches and starch products","10","3","NACE"
"10.7","Produzione di prodotti da forno e farinacei","Manufacture of bakery and farinaceous products","10","3","NACE"
"10.8","Produzione di altri prodotti alimentari","Manufacture of other food products","10","3","NACE"
"10.9","Produzione di prodotti per l'alimentazione degli animali","Manufacture of prepared animal feeds","10","3","NACE"
"11.0","Produzione di bevande","Manufacture of beverages","11","3","NACE"
"12.0","Produzione di prodotti del tabacco","Manufacture of tobacco products","12","3","NACE"
"13.1","Preparazione e filatura di fibre tessili","Preparation and spinning of textile fibres","13","3","NACE"
"13.2","Tessitura","Weaving of textiles","13","3","NACE"
"13.3","Finissaggio dei tessili","Finishing of textiles","13","3","NACE"
"13.9","Altre fabbricazioni tessili","Manufacture of other textiles","13","3","NACE"
"14.1","Fabbricazione di articoli a maglia e all'uncinetto","Manufacture of knitted and crocheted apparel","14","3","NACE"
"14.2","Fabbricazione di altri articoli di abbigliamento e accessori","Manufacture of other wearing apparel and accessories","14","3","NACE"
"15.1","Concia, tintura e rifinizione di pelli, cuoi e pellicce; fabbricazione di articoli da viaggio, borse, pelletteria e selleria","Tanning, dyeing, dressing of leather and fur; manufacture of luggage, handbags, saddlery and harness","15","3","NACE"
"15.2","Fabbricazione di calzature","Manufacture of footwear","15","3","NACE"
"16.1","Taglio e piallatura del legno; lavorazione e finitura del legno","Sawmilling and planing of wood; processing and finishing of wood","16","3","NACE"
"16.2","Fabbricazione di prodotti in legno, sughero, paglia e materiali da intreccio","Manufacture of products of wood, cork, straw and plaiting materials","16","3","NACE"
"17.1","Fabbricazione di pasta-carta, carta e cartone","Manufacture of pulp, paper and paperboard","17","3","NACE"
"17.2","Fabbricazione di articoli di carta e cartone","Manufacture of articles of paper and paperboard","17","3","NACE"
"18.1","Stampa e servizi connessi alla stampa","Printing and service activities related to printing","18","3","NACE"
"18.2","Riproduzione di supporti registrati","Reproduction of recorded media","18","3","NACE"
"19.1","Fabbricazione di prodotti di cokeria","Manufacture of coke oven products","19","3","NACE"
"19.2","Fabbricazione di prodotti derivanti dalla raffinazione del petrolio e prodotti da combustibili fossili","Manufacture of refined petroleum products and fossil fuel products","19","3","NACE"
"20.1","Fabbricazione di prodotti chimici di base, di fertilizzanti e composti azotati, di materie plastiche e gomma sintetica in forme primarie","Manufacture of basic chemicals, fertilisers and nitrogen compounds, plastics and synthetic rubber in primary forms","20","3","NACE"
"20.2","Fabbricazione di fitofarmaci, disinfettanti e altri prodotti chimici per l'agricoltura","Manufacture of pesticides, disinfectants and other agrochemical products","20","3","NACE"
"20.3","Fabbricazione di pitture, vernici e smalti, inchiostri da stampa e adesivi sintetici","Manufacture of paints, varnishes and similar coatings, printing ink and mastics","20","3","NACE"
"20.4","Fabbricazione di prodotti per il lavaggio, la pulizia e la lucidatura","Manufacture of washing, cleaning and polishing preparations","20","3","NACE"
"20.5","Fabbricazione di altri prodotti chimici","Manufacture of other chemical products","20","3","NACE"
"20.6","Fabbricazione di fibre sintetiche e artificiali","Manufacture of man-made fibres","20","3","NACE"
"21.1","Fabbricazione di prodotti farmaceutici di base","Manufacture of basic pharmaceutical products","21","3","NACE"
"21.2","Fabbricazione di medicinali e preparati farmaceutici","Manufacture of pharmaceutical preparations","21","3","NACE"
"22.1","Fabbricazione di prodotti in gomma","Manufacture of rubber products","22","3","NACE"
"22.2","Fabbricazione di prodotti in materie plastiche","Manufacture of plastic products","22","3","NACE"
"23.1","Fabbricazione di vetro e di prodotti in vetro","Manufacture of glass and glass products","23","3","NACE"
"23.2","Fabbricazione di prodotti refrattari","Manufacture of refractory products","23","3","NACE"
"23.3","Fabbricazione di materiali da costruzione in terracotta","Manufacture of clay building materials","23","3","NACE"
"23.4","Fabbricazione di altri prodotti in porcellana e in ceramica","Manufacture of other porcelain and ceramic products","23","3","NACE"
"23.5","Produzione di cemento, calce e gesso","Manufacture of cement, lime and plaster","23","3","NACE"
"23.6","Fabbricazione di prodotti in calcestruzzo, cemento e gesso","Manufacture of articles of concrete, cement and plaster","23","3","NACE"
"23.7","Taglio, modellatura e finitura di pietre","Cutting, shaping and finishing of stone","23","3","NACE"
"23.9","Fabbricazione di prodotti abrasivi e in minerali non metalliferi n.c.a.","Manufacture of abrasive products and non-metallic mineral products n.e.c.","23","3","NACE"
"24.1","Fabbricazione di ferro, acciaio e ferroleghe","Manufacture of basic iron and steel and of ferro-alloys","24","3","NACE"
"24.2","Fabbricazione di tubi, condotti, profilati cavi e relativi raccordi in acciaio","Manufacture of tubes, pipes, hollow profiles and related fittings, of steel","24","3","NACE"
"24.3","Fabbricazione di altri prodotti della prima trasformazione dell'acciaio","Manufacture of other products of first processing of steel","24","3","NACE"
"24.4","Produzione di metalli preziosi di base e di altri metalli non ferrosi","Manufacture of basic precious and other non-ferrous metals","24","3","NACE"
"24.5","Fusione di getti in metallo","Casting of metals","24","3","NACE"
"25.1","Fabbricazione di elementi da costruzione in metallo","Manufacture of structural metal products","25","3","NACE"
"25.2","Fabbricazione di cisterne, serbatoi e contenitori in metallo","Manufacture of tanks, reservoirs and containers of metal","25","3","NACE"
"25.3","Fabbricazione di armi e munizioni","Manufacture of weapons and ammunition","25","3","NACE"
"25.4","Fucinatura e formatura dei metalli e metallurgia delle polveri","Forging and shaping metal and powder metallurgy","25","3","NACE"
"25.5","Trattamento e rivestimento dei metalli; lavori di meccanica generale","Treatment and coating of metals; machining","25","3","NACE"
"25.6","Fabbricazione di articoli di coltelleria e posateria, utensili e oggetti di ferramenta","Manufacture of cutlery, tools and general hardware","25","3","NACE"
"25.9","Fabbricazione di altri prodotti in metallo","Manufacture of other fabricated metal products","25","3","NACE"
"26.1","Fabbricazione di componenti elettronici e schede elettroniche","Manufacture of electronic components and boards","26","3","NACE"
"26.2","Fabbricazione di computer e unità periferiche","Manufacture of computers and peripheral equipment","26","3","NACE"
"26.3","Fabbricazione di apparecchiature per le comunicazioni","Manufacture of communication equipment","26","3","NACE"
"26.4","Fabbricazione di prodotti di elettronica di consumo","Manufacture of consumer electronics","26","3","NACE"
"26.5","Fabbricazione di strumenti di misurazione e prova e di orologi","Manufacture of measuring testing instruments, clocks and watches","26","3","NACE"
"26.6","Fabbricazione di apparecchiature per irradiazione, elettromedicali ed elettroterapeutiche","Manufacture of irradiation, electromedical and electrotherapeutic equipment","26","3","NACE"
"26.7","Fabbricazione di strumenti ottici, supporti magnetici e ottici e apparecchiature fotografiche","Manufacture of optical instruments, magnetic and optical media and photographic equipment","26","3","NACE"
"27.1","Fabbricazione di motori, generatori e trasformatori elettrici e di apparecchiature per la distribuzione e il controllo dell'elettricità","Manufacture of electric motors, generators, transformers and electricity distribution and control apparatus","27","3","NACE"
"27.2","Fabbricazione di batterie e accumulatori","Manufacture of batteries and accumulators","27","3","NACE"
"27.3","Fabbricazione di cablaggi e attrezzature per cablaggio","Manufacture of wiring and wiring devices","27","3","NACE"
"27.4","Fabbricazione di apparecchiature per l'illuminazione","Manufacture of lighting equipment","27","3","NACE"
"27.5","Fabbricazione di apparecchi per uso domestico","Manufacture of domestic appliances","27","3","NACE"
"27.9","Fabbricazione di altre apparecchiature elettriche","Manufacture of other electrical equipment","27","3","NACE"
"28.1","Fabbricazione di macchine di impiego generale","Manufacture of general-purpose machinery","28","3","NACE"
"28.2","Fabbricazione di altre macchine di impiego generale","Manufacture of other general-purpose machinery","28","3","NACE"
"28.3","Fabbricazione di macchine per l'agricoltura e la silvicoltura","Manufacture of agricultural and forestry machinery","28","3","NACE"
"28.4","Fabbricazione di macchine per la deformazione dei metalli e di altre macchine utensili","Manufacture of metal forming machinery and machine tools","28","3","NACE"
"28.9","Fabbricazione di altre macchine per impieghi speciali","Manufacture of other special-purpose machinery","28","3","NACE"
"29.1","Fabbricazione di autoveicoli","Manufacture of motor vehicles","29","3","NACE"
"29.2","Fabbricazione di carrozzerie per autoveicoli; fabbricazione di rimorchi e semirimorchi","Manufacture of bodies and coachwork for motor vehicles; manufacture of trailers and semi-trailers","29","3","NACE"
"29.3","Fabbricazione di parti e accessori per autoveicoli","Manufacture of motor vehicle parts and accessories","29","3","NACE"
"30.1","Costruzione di navi e imbarcazioni","Building of ships and boats","30","3","NACE"
"30.2","Costruzione di locomotive e di materiale rotabile ferro-tranviario","Manufacture of railway locomotives and rolling stock","30","3","NACE"
"30.3","Fabbricazione di aeromobili, veicoli spaziali e relativi equipaggiamenti","Manufacture of air and spacecraft and related machinery","30","3","NACE"
"30.4","Fabbricazione di veicoli militari da combattimento","Manufacture of military fighting vehicles","30","3","NACE"
"30.9","Fabbricazione di mezzi di trasporto n.c.a.","Manufacture of transport equipment n.e.c.","30","3","NACE"
"31.0","Fabbricazione di mobili","Manufacture of furniture","31","3","NACE"
"32.1","Fabbricazione di gioielleria, bigiotteria e articoli connessi","Manufacture of jewellery, bijouterie and related articles","32","3","NACE"
"32.2","Fabbricazione di strumenti musicali","Manufacture of musical instruments","32","3","NACE"
"32.3","Fabbricazione di articoli sportivi","Manufacture of sports goods","32","3","NACE"
"32.4","Fabbricazione di giochi e giocattoli","Manufacture of games and toys","32","3","NACE"
"32.5","Fabbricazione di strumenti e forniture mediche e dentistiche","Manufacture of medical and dental instruments and supplies","32","3","NACE"
"32.9","Attività manifatturiere n.c.a.","Manufacturing n.e.c.","32","3","NACE"
"33.1","Riparazione e manutenzione di prodotti in metallo, macchine e apparecchiature","Repair and maintenance of fabricated metal products, machinery and equipment","33","3","NACE"
"33.2","Installazione di macchine e apparecchiature industriali","Installation of industrial machinery and equipment","33","3","NACE"
"35.1","Produzione, trasmissione e distribuzione di energia elettrica","Electric power generation, transmission and distribution","35","3","NACE"
"35.2","Produzione di gas e distribuzione di combustibili gassosi mediante condotte","Manufacture of gas, and distribution of gaseous fuels through mains","35","3","NACE"
"35.3","Fornitura di vapore e aria condizionata","Steam and air conditioning supply","35","3","NACE"
"35.4","Attività di servizi di intermediazione per l'energia elettrica e il gas naturale","Activities of brokers and agents for electric power and natural gas","35","3","NACE"
"36.0","Raccolta, trattamento e fornitura di acqua","Water collection, treatment and supply","36","3","NACE"
"37.0","Gestione delle reti fognarie","Sewerage","37","3","NACE"
"38.1","Raccolta dei rifiuti","Waste collection","38","3","NACE"
"38.2","Recupero dei rifiuti","Waste recovery","38","3","NACE"
"38.3","Smaltimento dei rifiuti senza recupero","Waste disposal without recovery","38","3","NACE"
"39.0","Attività di risanamento e altri servizi di gestione dei rifiuti","Remediation activities and other waste management service activities","39","3","NACE"
"41.0","Costruzione di edifici residenziali e non residenziali","Construction of residential and non-residential buildings","41","3","NACE"
"42.1","Costruzione di strade e linee ferroviarie","Construction of roads and railways","42","3","NACE"
"42.2","Costruzione di opere di pubblica utilità","Construction of utility projects","42","3","NACE"
"42.9","Costruzione di altre opere di ingegneria civile","Construction of other civil engineering projects","42","3","NACE"
"43.1","Demolizione e preparazione del cantiere edile","Demolition and site preparation","43","3","NACE"
"43.2","Installazione di impianti elettrici, idraulici e altri lavori di installazione edili","Electrical, plumbing and other construction installation activities","43","3","NACE"
"43.3","Completamento e finitura di edifici","Building completion and finishing","43","3","NACE"
"43.4","Lavori di costruzione specializzati nella costruzione di edifici","Specialised construction activities in construction of buildings","43","3","NACE"
"43.5","Lavori di costruzione specializzati nell'ingegneria civile","Specialised construction activities in civil engineering","43","3","NACE"
"43.6","Attività di servizi di intermediazione per servizi di costruzione specializzati","Intermediation service activities for specialised construction services","43","3","NACE"
"43.9","Altri lavori di costruzione specializzati","Other specialised construction activities","43","3","NACE"
"46.1","Attività di servizi di intermediazione per il commercio all'ingrosso","Wholesale on a fee or contract basis","46","3","NACE"
"46.2","Commercio all'ingrosso di materie prime agricole e animali vivi","Wholesale of agricultural raw materials and live animals","46","3","NACE"
"46.3","Commercio all'ingrosso di prodotti alimentari, bevande e tabacchi","Wholesale of food, beverages and tobacco","46","3","NACE"
"46.4","Commercio all'ingrosso di beni di consumo","Wholesale of household goods","46","3","NACE"
"46.5","Commercio all'ingrosso di apparecchiature informatiche e di comunicazione","Wholesale of information and communication equipment","46","3","NACE"
"46.6","Commercio all'ingrosso di altri macchinari, attrezzature e forniture","Wholesale of other machinery, equipment and supplies","46","3","NACE"
"46.7","Commercio all'ingrosso di autoveicoli, motocicli e relative parti e accessori","Wholesale of motor vehicles, motorcycles and related parts and accessories","46","3","NACE"
"46.8","Commercio all'ingrosso specializzato di altri prodotti","Other specialised wholesale","46","3","NACE"
"46.9","Commercio all'ingrosso non specializzato","Non-specialised wholesale trade","46","3","NACE"
"47.1","Commercio al dettaglio non specializzato","Non-specialised retail sale","47","3","NACE"
"47.2","Commercio al dettaglio di prodotti alimentari, bevande e tabacchi","Retail sale of food, beverages and tobacco","47","3","NACE"
"47.3","Commercio al dettaglio di carburanti per autotrazione","Retail sale of automotive fuel","47","3","NACE"
"47.4","Commercio al dettaglio di apparecchiature informatiche e di comunicazione","Retail sale of information and communication equipment","47","3","NACE"
"47.5","Commercio al dettaglio di altre attrezzature per uso domestico","Retail sale of other household equipment","47","3","NACE"
"47.6","Commercio al dettaglio di articoli culturali e ricreativi","Retail sale of cultural and recreation goods","47","3","NACE"
"47.7","Commercio al dettaglio di altri prodotti, esclusi autoveicoli e motocicli","Retail sale of other goods, except motor vehicles and motorcycles","47","3","NACE"
"47.8","Commercio al dettaglio di autoveicoli, motocicli e relative parti e accessori","Retail sale of motor vehicles, motorcycles and related parts and accessories","47","3","NACE"
"47.9","Attività di servizi di intermediazione per il commercio al dettaglio","Intermediation service activities for retail sale","47","3","NACE"
"49.1","Trasporto ferroviario di passeggeri","Passenger rail transport","49","3","NACE"
"49.2","Trasporto ferroviario di merci","Freight rail transport","49","3","NACE"
"49.3","Altri trasporti terrestri di passeggeri","Other passenger land transport","49","3","NACE"
"49.4","Trasporto di merci su strada e servizi di trasloco","Freight transport by road and removal services","49","3","NACE"
"49.5","Trasporto mediante condotte","Transport via pipeline","49","3","NACE"
"50.1","Trasporto marittimo e costiero di passeggeri","Sea and coastal passenger water transport","50","3","NACE"
"50.2","Trasporto marittimo e costiero di merci","Sea and coastal freight water transport","50","3","NACE"
"50.3","Trasporto per vie d'acqua interne di passeggeri","Inland passenger water transport","50","3","NACE"
"50.4","Trasporto per vie d'acqua interne di merci","Inland freight water transport","50","3","NACE"
"51.1","Trasporto aereo di passeggeri","Passenger air transport","51","3","NACE"
"51.2","Trasporto aereo di merci e trasporto spaziale","Freight air transport and space transport","51","3","NACE"
"52.1","Magazzinaggio e deposito","Warehousing and storage","52","3","NACE"
"52.2","Attività di supporto ai trasporti","Support activities for transportation","52","3","NACE"
"52.3","Attività di servizi di intermediazione per il trasporto","Intermediation service activities for transportation","52","3","NACE"
"53.1","Attività postali con obbligo di servizio universale","Postal activities under universal service obligation","53","3","NACE"
"53.2","Altre attività postali e di corriere","Other postal and courier activities","53","3","NACE"
"53.3","Attività di servizi di intermediazione per attività postali e di corriere","Intermediation service activities for postal and courier activities","53","3","NACE"
"55.1","Servizi di alloggio di alberghi e simili","Hotels and similar accommodation","55","3","NACE"
"55.2","Servizi di alloggio per vacanze e altri soggiorni di breve durata","Holiday and other short-stay accommodation","55","3","NACE"
"55.3","Servizi di aree di campeggio e aree attrezzate per veicoli ricreazionali","Camping grounds and recreational vehicle parks","55","3","NACE"
"55.4","Attività di servizi di intermediazione per servizi di alloggio","Intermediation service activities for accommodation","55","3","NACE"
"55.9","Altri servizi di alloggio","Other accommodation","55","3","NACE"
"56.1","Attività di ristoranti e di servizi di ristorazione mobile","Restaurants and mobile food service activities","56","3","NACE"
"56.2","Attività di servizi di catering per eventi, catering su base contrattuale e altri servizi di ristorazione","Event catering, contract catering service activities and other food service activities","56","3","NACE"
"56.3","Attività di somministrazione di bevande","Beverage serving activities","56","3","NACE"
"56.4","Attività di servizi di intermediazione per servizi di ristorazione","Intermediation service activities for food and beverage services activities","56","3","NACE"
"58.1","Edizione di libri, quotidiani e altre attività editoriali, esclusa l'edizione di software","Publishing of books, newspapers and other publishing activities, except software publishing","58","3","NACE"
"58.2","Edizione di software","Software publishing","58","3","NACE"
"59.1","Attività di produzione, post-produzione e distribuzione cinematografica, di video e programmi televisivi","Motion picture, video and television programme activities","59","3","NACE"
"59.2","Attività di registrazione sonora e dell'editoria musicale","Sound recording and music publishing activities","59","3","NACE"
"60.1","Attività di trasmissione radiofonica e distribuzione di audio","Radio broadcasting and audio distribution activities","60","3","NACE"
"60.2","Attività di programmazione e trasmissione televisive e di distribuzione di video","Television programming, broadcasting and video distribution activities","60","3","NACE"
"60.3","Attività delle agenzie di stampa e altre attività di distribuzione di contenuti","News agency and other content distribution activities","60","3","NACE"
"61.1","Attività di telecomunicazioni fisse, mobili e satellitari","Wired, wireless, and satellite telecommunication activities","61","3","NACE"
"61.2","Attività di rivendita di telecomunicazioni e attività di servizi di intermediazione per telecomunicazioni","Telecommunication reselling activities and intermediation service activities for telecommunication","61","3","NACE"
"61.9","Altre attività di telecomunicazioni","Other telecommunication activities","61","3","NACE"
"62.1","Attività di programmazione informatica","Computer programming activities","62","3","NACE"
"62.2","Attività di consulenza informatica e di gestione di strutture informatiche","Computer consultancy and computer facilities management activities","62","3","NACE"
"62.9","Altre attività dei servizi connessi alle tecnologie dell'informazione e dell'informatica","Other information technology and computer service activities","62","3","NACE"
"63.1","Infrastrutture informatiche, elaborazione dati, hosting e attività connesse","Computing infrastructure, data processing, hosting and related activities","63","3","NACE"
"63.9","Attività dei portali di ricerca web e altre attività dei servizi di informazione","Web search portal activities and other information service activities","63","3","NACE"
"64.1","Intermediazione monetaria","Monetary intermediation","64","3","NACE"
"64.2","Attività delle società di partecipazione (holding) e dei conduit di finanziamento","Activities of holding companies and financing conduits","64","3","NACE"
"64.3","Attività delle società fiduciarie, dei fondi e altre entità simili","Activities of trusts, funds and similar financial entities","64","3","NACE"
"64.9","Altre attività di servizi finanziari, ad esclusione di assicurazioni e fondi pensione","Other financial service activities, except insurance and pension funding","64","3","NACE"
"65.1","Assicurazioni","Insurance","65","3","NACE"
"65.2","Riassicurazioni","Reinsurance","65","3","NACE"
"65.3","Fondi pensione","Pension funding","65","3","NACE"
"66.1","Attività ausiliarie dei servizi finanziari, escluse le assicurazioni e i fondi pensione","Activities auxiliary to financial services, except insurance and pension funding","66","3","NACE"
"66.2","Attività ausiliarie delle assicurazioni e dei fondi pensione","Activities auxiliary to insurance and pension funding","66","3","NACE"
"66.3","Attività di gestione di fondi","Fund management activities","66","3","NACE"
"68.1","Attività immobiliari su beni propri e sviluppo di progetti immobiliari","Real estate activities with own property and development of building projects","68","3","NACE"
"68.2","Affitto e gestione di beni immobili propri o in locazione","Rental and operating of own or leased real estate","68","3","NACE"
"68.3","Attività immobiliari per conto terzi","Real estate activities on a fee or contract basis","68","3","NACE"
"69.1","Attività legali, giuridiche e notarili","Legal activities","69","3","NACE"
"69.2","Attività di contabilità, controllo e revisione contabile; consulenza fiscale","Accounting, bookkeeping and auditing activities; tax consultancy","69","3","NACE"
"70.1","Attività di sedi centrali","Activities of head offices","70","3","NACE"
"70.2","Consulenza imprenditoriale e altre attività di consulenza gestionale","Business and other management consultancy activities","70","3","NACE"
"71.1","Attività di architettura, di ingegneria e altre consulenze tecniche connesse","Architectural and engineering activities and related technical consultancy","71","3","NACE"
"71.2","Collaudi e analisi tecniche","Technical testing and analysis","71","3","NACE"
"72.1","Ricerca e sviluppo sperimentale nel campo delle scienze naturali e dell'ingegneria","Research and experimental development on natural sciences and engineering","72","3","NACE"
"72.2","Ricerca e sviluppo sperimentale nel campo delle scienze sociali e umanistiche","Research and experimental development on social sciences and humanities","72","3","NACE"
"73.1","Pubblicità","Advertising","73","3","NACE"
"73.2","Ricerche di mercato e sondaggi di opinione","Market research and public opinion polling","73","3","NACE"
"73.3","Pubbliche relazioni e comunicazione","Public relations and communication activities","73","3","NACE"
"74.1","Attività di progettazione specializzata","Specialised design activities","74","3","NACE"
"74.2","Attività fotografiche","Photographic activities","74","3","NACE"
"74.3","Attività di traduzione e interpretariato","Translation and interpretation activities","74","3","NACE"
"74.9","Altre attività professionali, scientifiche e tecniche n.c.a.","Other professional, scientific and technical activities n.e.c.","74","3","NACE"
"75.0","Servizi veterinari","Veterinary activities","75","3","NACE"
"77.1","Noleggio e leasing operativo di autoveicoli","Rental and leasing of motor vehicles","77","3","NACE"
"77.2","Noleggio e leasing operativo di beni per uso personale e per la casa","Rental and leasing of personal and household goods","77","3","NACE"
"77.3","Noleggio e leasing operativo di altre macchine, attrezzature e beni materiali","Rental and leasing of other machinery, equipment and tangible goods","77","3","NACE"
"77.4","Concessione dei diritti di sfruttamento di proprietà intellettuale, escluse le opere soggette a diritto d'autore","Leasing of intellectual property and similar products, except copyrighted works","77","3","NACE"
"77.5","Attività di servizi di intermediazione per il noleggio e il leasing operativo di beni materiali e beni immateriali non finanziari","Intermediation service activities for rental and leasing of tangible goods and non-financial intangible assets","77","3","NACE"
"78.1","Attività di agenzie di collocamento","Activities of employment placement agencies","78","3","NACE"
"78.2","Attività di agenzie di lavoro interinale e altre attività di fornitura di risorse umane","Temporary employment agency activities and other human resource provisions","78","3","NACE"
"79.1","Attività di agenzie di viaggio e tour operator","Travel agency and tour operator activities","79","3","NACE"
"79.9","Altri servizi di prenotazione e attività connesse","Other reservation service and related activities","79","3","NACE"
"80.0","Attività di investigazione e vigilanza","Investigation and security activities","80","3","NACE"
"81.1","Attività di servizi integrati agli edifici","Combined facilities support activities","81","3","NACE"
"81.2","Attività di pulizia","Cleaning activities","81","3","NACE"
"81.3","Attività di servizi per la cura del paesaggio","Landscape service activities","81","3","NACE"
"82.1","Attività amministrative e di supporto per le funzioni di ufficio","Office administrative and support activities","82","3","NACE"
"82.2","Attività dei call center","Activities of call centres","82","3","NACE"
"82.3","Organizzazione di convegni e fiere","Organisation of conventions and trade shows","82","3","NACE"
"82.4","Attività di servizi di intermediazione per servizi di supporto alle imprese n.c.a.","Intermediation service activities for business support service activities n.e.c.","82","3","NACE"
"82.9","Servizi di supporto alle imprese n.c.a.","Business support service activities n.e.c.","82","3","NACE"
"84.1","Amministrazione dello Stato e delle politiche economiche, sociali e ambientali della comunità","Administration of the State and the economic, social and environmental policies of the community","84","3","NACE"
"84.2","Erogazione di servizi collettivi","Provision of services to the community as a whole","84","3","NACE"
"84.3","Assicurazione sociale obbligatoria","Compulsory social security activities","84","3","NACE"
"85.1","Istruzione prescolastica","Pre-primary education","85","3","NACE"
"85.2","Istruzione primaria","Primary education","85","3","NACE"
"85.3","Istruzione secondaria e post-secondaria non terziaria","Secondary and post-secondary non-tertiary education","85","3","NACE"
"85.4","Istruzione terziaria","Tertiary education","85","3","NACE"
"85.5","Altri servizi di istruzione e formazione","Other education","85","3","NACE"
"85.6","Servizi di supporto all'istruzione e formazione","Educational support activities","85","3","NACE"
"86.1","Attività ospedaliere","Hospital activities","86","3","NACE"
"86.2","Attività mediche e odontoiatriche","Medical and dental practice activities","86","3","NACE"
"86.9","Altre attività per la salute umana","Other human health activities","86","3","NACE"
"87.1","Attività di assistenza infermieristica residenziale","Residential nursing care activities","87","3","NACE"
"87.2","Attività di assistenza residenziale per persone affette da disturbi mentali o abuso di sostanze","Residential care activities for persons living with or having a diagnosis of a mental illness or substance abuse","87","3","NACE"
"87.3","Attività di assistenza residenziale per anziani o persone con disabilità fisiche","Residential care activities for older persons or persons with physical disabilities","87","3","NACE"
"87.9","Altre attività di assistenza residenziale","Other residential care activities","87","3","NACE"
"88.1","Attività di assistenza sociale non residenziale per anziani o persone con disabilità","Social work activities without accommodation for older persons or persons with disabilities","88","3","NACE"
"88.9","Altre attività di assistenza sociale non residenziale","Other social work activities without accommodation","88","3","NACE"
"90.1","Attività di creazione artistica","Arts creation activities","90","3","NACE"
"90.2","Attività di arti performative e rappresentazioni artistiche","Activities of performing arts","90","3","NACE"
"90.3","Attività di supporto alle creazioni e alle arti performative e rappresentazioni artistiche","Support activities to arts creation and performing arts","90","3","NACE"
"91.1","Attività di biblioteche e archivi","Library and archive activities","91","3","NACE"
"91.2","Attività di musei, collezioni, luoghi e monumenti storici","Museum, collection, historical site and monument activities","91","3","NACE"
"91.3","Conservazione, restauro e altre attività di supporto al patrimonio culturale","Conservation, restoration and other support activities for cultural heritage","91","3","NACE"
"91.4","Attività di orti botanici, giardini zoologici e riserve e parchi naturali","Botanical and zoological garden and nature reserve activities","91","3","NACE"
"92.0","Attività di scommesse, lotterie e altri giochi d'azzardo","Gambling and betting activities","92","3","NACE"
"93.1","Attività sportive","Sports activities","93","3","NACE"
"93.2","Attività di intrattenimento e divertimento","Amusement and recreation activities","93","3","NACE"
"94.1","Attività di organizzazioni di imprese, dei datori di lavoro e professionali","Activities of business, employers and professional membership organisations","94","3","NACE"
"94.2","Attività dei sindacati di lavoratori","Activities of trade unions","94","3","NACE"
"94.9","Attività di altre organizzazioni associative","Activities of other membership organisations","94","3","NACE"
"95.1","Riparazione e manutenzione di computer e di apparecchiature per le comunicazioni","Repair and maintenance of computers and communication equipment","95","3","NACE"
"95.2","Riparazione e manutenzione di beni per uso personale e per la casa","Repair and maintenance of personal and household goods","95","3","NACE"
"95.3","Riparazione e manutenzione di autoveicoli e motocicli","Repair and maintenance of motor vehicles and motorcycles","95","3","NACE"
"95.4","Attività di servizi di intermediazione per la riparazione e la manutenzione di computer, beni per uso personale e per la casa, autoveicoli e motocicli","Intermediation service activities for repair and maintenance of computers, personal and household goods, and motor vehicles and motorcycles","95","3","NACE"
"96.1","Servizi di lavaggio e pulitura di prodotti tessili e pellicce","Washing and cleaning of textile and fur products","96","3","NACE"
"96.2","Servizi di parrucchieri e barbieri, trattamenti di bellezza, centri benessere e attività simili","Hairdressing, beauty treatment, day spa and similar activities","96","3","NACE"
"96.3","Servizi funerari e attività connesse","Funeral and related activities","96","3","NACE"
"96.4","Attività di servizi di intermediazione per servizi alla persona","Intermediation service activities for personal services","96","3","NACE"
"96.9","Altre attività di servizi alla persona","Other personal service activities","96","3","NACE"
"97.0","Attività di famiglie e convivenze come datori di lavoro per personale domestico","Activities of households as employers of domestic personnel","97","3","NACE"
"98.1","Produzione di beni indifferenziati per uso proprio da parte di famiglie e convivenze","Undifferentiated goods-producing activities of private households for own use","98","3","NACE"
"98.2","Produzione di servizi indifferenziati per uso proprio da parte di famiglie e convivenze","Undifferentiated service-producing activities of private households for own use","98","3","NACE"
"99.0","Attività di organizzazioni e organismi extraterritoriali","Activities of extraterritorial organisations and bodies","99","3","NACE"
